{
  "connection": {
    "tcp": {
      "ip": "127.0.0.1",
      "port": 502,
      "slaveid": 1
    },
    "serial": {
      "Protocol": "none",
      "SerialPortName": "Com4",
      "BaudRate": 9600,
      "DataBits": 8,
      "Parity": "even",
      "StopBits": "1",
      "SlaveId": 1
    }
  },
  "byteArrangment": "ABCD",
  "data": [
    {
      "Product": "oxygen",
      "ModbusAddress": "40000",
      "DataType": "float",
      "Name": "Flow",
      "Unit": "NM3/HR",
      "GHTag": ""
    },
    {
      "Product": "oxygen",
      "ModbusAddress": "40002",
      "DataType": "float",
      "Name": "Temperature",
      "Unit": "NM3/HR",
      "GHTag": ""
    },
    {
      "Product": "oxygen",
      "ModbusAddress": "40004",
      "DataType": "float",
      "Name": "Pressure",
      "Unit": "NM3/HR",
      "GHTag": ""
    },
    {
      "Product": "nitrogen",
      "ModbusAddress": "40006",
      "DataType": "float",
      "Name": "Pressure",
      "Unit": "NM3/HR",
      "GHTag": ""
    },
    {
      "Product": "argon",
      "ModbusAddress": "40006",
      "DataType": "float",
      "Name": "Pressure",
      "Unit": "NM3/HR",
      "GHTag": ""
    }
  ],

  "message": {
    "TenantId": "PC_Demo_",
    "FlowMeterID": "LE-MY-DEMO-0000-FLOW-9999",
    "FlowMeterMessageId": "GUID",
    "MessageHash": "XDKHTRGFIGFKIFRGFDK",
    "SchemaVersion": "1",
    "MessageType": "TonnageMetering.FlowComputerMessage"
  }
}
